{
  "command_time_s": 15.0,
  "capture_time_s": 31.700000000000003,
  "peak_capture_area_xy": 388.2960095835001,
  "min_surface_distance": 0.0,
  "mean_surface_distance_after_command": 0.9621118949770433,
  "mean_rel_error_3d_after_command": 0.4858952363373254,
  "mean_est_error_3d_after_command": 0.33841961421500966,
  "mean_leader_enemy_dist_after_command": 17.151812004303775,
  "min_leader_enemy_dist": 2.7066707884230614,
  "estimate_variance_final": 0.0005496378193209237,
  "mean_downwash_intensity": 0.12380850252826381,
  "peak_downwash_intensity": 0.6538508320435479
}