{
  "command_time_s": 15.0,
  "capture_time_s": 31.8,
  "peak_capture_area_xy": 389.2322625592226,
  "min_surface_distance": 0.0,
  "mean_surface_distance_after_command": 1.2606658880550803,
  "mean_rel_error_3d_after_command": 0.5646476420728864,
  "mean_est_error_3d_after_command": 0.3414465956229427,
  "mean_leader_enemy_dist_after_command": 17.04592497773606,
  "min_leader_enemy_dist": 2.8885859815043804,
  "estimate_variance_final": 0.0005497803458168917,
  "mean_downwash_intensity": 0.501169461075834,
  "peak_downwash_intensity": 1.1795469754205417
}